{
  "wer": 0.19131652066939572,
  "cer": 0.054248833419867616,
  "exact_match": 0.40550311307491466,
  "sem": 0.9383387565612793,
  "kr": 0.7826060997572625,
  "kr_coverage": 0.9327174131351677,
  "ped": 0.1955227829178811,
  "samples": 4979,
  "split": "test",
  "strategy": "full_ft",
  "run_name": "final_1epoch"
}