{
  "wer": 0.1830445203300316,
  "cer": 0.052936124635494734,
  "exact_match": 0.41112673227555735,
  "sem": 0.9397171139717102,
  "kr": 0.7907610931512741,
  "kr_coverage": 0.9327174131351677,
  "ped": 0.189992555076098,
  "samples": 4979,
  "split": "test",
  "strategy": "selective_ft",
  "run_name": "final_1epoch"
}