strategy,run_name,split,samples,wer,cer,ped,exact_match,sem,kr,kr_coverage
zero_shot,zero_shot,test,4979,0.5654442488387385,0.2016673360828378,0.45946731611705477,0.021891946173930508,0.8036067485809326,0.3149722508088141,0.9327174131351677
full_ft,final_1epoch,test,4979,0.19131652066939572,0.054248833419867616,0.1955227829178811,0.40550311307491466,0.9383387565612793,0.7826060997572625,0.9327174131351677
selective_ft,final_1epoch,test,4979,0.1830445203300316,0.052936124635494734,0.189992555076098,0.41112673227555735,0.9397171139717102,0.7907610931512741,0.9327174131351677
lora_ft,final_1epoch,test,4979,0.23172206078859736,0.0656648282212796,0.23829623513682183,0.343643301867845,0.9234190583229065,0.7332211698006272,0.9327174131351677
