{
  "wer": 0.5654442488387385,
  "cer": 0.2016673360828378,
  "exact_match": 0.021891946173930508,
  "sem": 0.8036067485809326,
  "kr": 0.3149722508088141,
  "kr_coverage": 0.9327174131351677,
  "ped": 0.45946731611705477,
  "samples": 4979,
  "split": "test",
  "strategy": "zero_shot",
  "run_name": "zero_shot"
}