{
  "wer": 0.23172206078859736,
  "cer": 0.0656648282212796,
  "exact_match": 0.343643301867845,
  "sem": 0.9234190583229065,
  "kr": 0.7332211698006272,
  "kr_coverage": 0.9327174131351677,
  "ped": 0.23829623513682183,
  "samples": 4979,
  "split": "test",
  "strategy": "lora_ft",
  "run_name": "final_1epoch"
}